{
  "events": [
    {
      "id": "ORDlmU4QrmYhCadcx9R-_",
      "title": "praticode",
      "description": "come with your laptop",
      "date": "2025-10-24T08:00:00.000Z",
      "location": "Old bodija",
      "maxAttendees": 30,
      "attendees": [
        {
          "id": "lhkryKWtSmWYcPVTEgnki",
          "name": "ashaolu racheal",
          "email": "racheal@gmail.com",
          "registeredAt": "2025-10-21T14:09:45.875Z"
        },
        {
          "id": "G5UmFJFEfcfXQ62CCHnJg",
          "name": "Olalekan olaniyi",
          "email": "olaniyi25@gmail.com",
          "registeredAt": "2025-10-21T14:09:56.832Z"
        },
        {
          "id": "FmM04dmcKNWdfHSI_7kJ2",
          "name": "ashaolu racheal",
          "email": "lola@gmail.com",
          "registeredAt": "2025-10-21T14:20:26.225Z"
        }
      ]
    },
    {
      "id": "r8XnG2q9n1WE20G0SzLzg",
      "title": "University of ibadan ",
      "description": "student defense day",
      "date": "2025-11-20T08:00:00.000Z",
      "location": "ITCC Center",
      "maxAttendees": 200,
      "attendees": [
        {
          "id": "GAVTKnrUdci39W26kGkH1",
          "name": "ashaolu racheal",
          "email": "racheal@gmail.com",
          "registeredAt": "2025-10-21T14:23:20.281Z"
        }
      ]
    },
    {
      "id": "qLSWOOxGqFmqYqnFrGWHa",
      "title": "Birthday party",
      "description": "Mr john birthday ",
      "date": "2025-10-06T23:00:00.000Z",
      "location": "Oodo garge",
      "maxAttendees": 30,
      "attendees": [
        {
          "id": "qXcEnOTSrNk43S4-DwrcL",
          "name": "lola",
          "email": "lola@gmail.com",
          "registeredAt": "2025-10-21T14:10:22.170Z"
        },
        {
          "id": "ZA7F6AqJyZpguDvlbZier",
          "name": "Olalekan olaniyi",
          "email": "olaniyi25@gmail.com",
          "registeredAt": "2025-10-21T14:10:30.001Z"
        },
        {
          "id": "iAKuA3M_ZLd5mDrYfkDY5",
          "name": "moyo",
          "email": "moyo@gmail.com",
          "registeredAt": "2025-10-21T14:11:00.865Z"
        }
      ]
    },
    {
      "id": "gJlMdgTNjwEONJW8H_hQ2",
      "title": "Wedding party",
      "description": "Bestie Birthday",
      "date": "2025-10-23T07:06:00.000Z",
      "location": "1b,obaolagbi avenu old boldija ibadan",
      "maxAttendees": 300,
      "attendees": [
        {
          "id": "-Ethyrnq76JcLR4C-e2GQ",
          "name": "lola",
          "email": "lola@gmail.com",
          "registeredAt": "2025-10-21T14:14:19.021Z"
        }
      ]
    },
    {
      "id": "_o_b8oi8KNPZQRT5eQnA0",
      "title": "Online Lecture",
      "description": "must attend ",
      "date": "2025-10-23T17:09:00.000Z",
      "location": "google meet",
      "maxAttendees": 20,
      "attendees": []
    },
    {
      "id": "0qLNzAfgdEf7IJ2rBw-dJ",
      "title": "Dinner party",
      "description": "At ibachi resturant",
      "date": "2025-11-08T17:09:00.000Z",
      "location": "favos ibadan",
      "maxAttendees": 5,
      "attendees": []
    },
    {
      "id": "eqW2f4IHVnAYVIcWNu0yF",
      "title": "meet with friends",
      "description": "dress pretty",
      "date": "2025-10-09T14:12:00.000Z",
      "location": "1b,obaolagbi avenu old boldija ibadan",
      "maxAttendees": 22,
      "attendees": []
    },
    {
      "id": "UhM1cXwwdz8P2jjOA3hzQ",
      "title": "mr idrid",
      "description": "needs",
      "date": "2025-10-15T04:19:00.000Z",
      "location": "Old bodija",
      "maxAttendees": 59,
      "attendees": []
    },
    {
      "id": "qzwTIkmxKfph4AioCJE3Q",
      "title": "reachy event",
      "description": "new cloth",
      "date": "2025-10-10T05:22:00.000Z",
      "location": "Old bodija",
      "maxAttendees": 36,
      "attendees": []
    }
  ]
}